admin,admin,12-12-2020,jhsdfjk,"jkbjk,
"
admin,admin,12-12-2020,GOOGLE,"Google LLC is an American multinational technology company that specializes in Internet-related services and products, which include online advertising technologies, search engine, cloud computing, software, and hardware. It is considered one of the Big Four technology companies, alongside Amazon, Apple, and Facebook. Wikipedia
CEO: Sundar Pichai (2 Oct 2015–) Trending
Founded: 4 September 1998, Menlo Park, California, United States
Parent organization: Alphabet Inc. (2015–)
Headquarters: Mountain View, California, United States
Subsidiaries: YouTube, Google.org, DoubleClick, Google AdMob, MORE
Founders: Larry Page, Sergey Brin"
admin,admin,12-12-2020,ABOUT JMIT,"Seth Jai Parkash Mukand Lal Institute Of Engineering And Technology
College in Haryana
DescriptionSeth Jai Parkash Mukand Lal Institute of Engineering and Technology is a private college of Engineering in the state of Haryana, India. It was established in 1995 as a member of the group Seth Ved Parkash Mukand Lal Educational society. JMIT is affiliated with Kurukshetra University, in Kurukshetra. Wikipedia
Address: Radaur, Haryana 135133
Campus: Fully residential
Total enrollment: 720 (2019)
Phone: 01732 284 195
Founded: 1995
Suggest an edit
Add missing information
Add business hours



Reviews from the web
Shiksha.com
3.7/5
130 reviews
Careers360
3.2/5
55 reviews
CollegeSearch
4.3/5
6 reviews
Updates from Seth Jai Parkash Mukand Lal Institute Of Engineering And Technology
View previous updates on Google
Profiles

Facebook

Twitter

LinkedIn

Instagram

YouTube
Reviews
147 Google reviews
Agam Agarwal	""I love this collage and like he infrastructure and facilities""
Yatharth Jain	""Intitute also offers a very high rate of placements every year.""
Appoorv Sharma	""This place is very clean & at quite good location which helps in study.""
View all Google reviews"
admin,admin,12-12-2020,ABOUT JMIT,"Seth Jai Parkash Mukand Lal Institute Of Engineering And Technology
College in Haryana
DescriptionSeth Jai Parkash Mukand Lal Institute of Engineering and Technology is a private college of Engineering in the state of Haryana, India. It was established in 1995 as a member of the group Seth Ved Parkash Mukand Lal Educational society. JMIT is affiliated with Kurukshetra University, in Kurukshetra. Wikipedia
Address: Radaur, Haryana 135133
Campus: Fully residential
Total enrollment: 720 (2019)
Phone: 01732 284 195
Founded: 1995
Suggest an edit
Add missing information
Add business hours



Reviews from the web
Shiksha.com
3.7/5
130 reviews
Careers360
3.2/5
55 reviews
CollegeSearch
4.3/5
6 reviews
Updates from Seth Jai Parkash Mukand Lal Institute Of Engineering And Technology
View previous updates on Google
Profiles

Facebook

Twitter

LinkedIn

Instagram

YouTube
Reviews
147 Google reviews
Agam Agarwal	""I love this collage and like he infrastructure and facilities""
Yatharth Jain	""Intitute also offers a very high rate of placements every year.""
Appoorv Sharma	""This place is very clean & at quite good location which helps in study.""
View all Google reviewsSeth Jai Parkash Mukand Lal Institute Of Engineering And Technology
College in Haryana
DescriptionSeth Jai Parkash Mukand Lal Institute of Engineering and Technology is a private college of Engineering in the state of Haryana, India. It was established in 1995 as a member of the group Seth Ved Parkash Mukand Lal Educational society. JMIT is affiliated with Kurukshetra University, in Kurukshetra. Wikipedia
Address: Radaur, Haryana 135133
Campus: Fully residential
Total enrollment: 720 (2019)
Phone: 01732 284 195
Founded: 1995
Suggest an edit
Add missing information
Add business hours



Reviews from the web
Shiksha.com
3.7/5
130 reviews
Careers360
3.2/5
55 reviews
CollegeSearch
4.3/5
6 reviews
Updates from Seth Jai Parkash Mukand Lal Institute Of Engineering And Technology
View previous updates on Google
Profiles

Facebook

Twitter

LinkedIn

Instagram

YouTube
Reviews
147 Google reviews
Agam Agarwal	""I love this collage and like he infrastructure and facilities""
Yatharth Jain	""Intitute also offers a very high rate of placements every year.""
Appoorv Sharma	""This place is very clean & at quite good location which helps in study.""
View all Google reviews"
admin,admin,12-12-2020,ABOUT JMIT,"bsjd hdsbj,fdchjwb c ejb sdhcej,bsjd hdsbj,fdchjwb c ejb sdhcej,bsjd hdsbj,fdchjwb c ejb sdhcej,bsjd hdsbj,fdchjwb c ejb sdhcej,bsjd hdsbj,fdchjwb c ejb sdhcej,bsjd hdsbj,fdchjwb c ejb sdhcej,bsjd hdsbj,fdchjwb c ejb sdhcej,bsjd hdsbj,fdchjwb c ejb sdhcej,bsjd hdsbj,fdchjwb c ejb sdhcej,bsjd hdsbj,fdchjwb c ejb sdhcej,bsjd hdsbj,fdchjwb c ejb sdhcej,bsjd hdsbj,fdchjwb c ejb sdhcej,bsjd hdsbj,fdchjwb c ejb sdhcej,bsjd hdsbj,fdchjwb c ejb sdhcej,bsjd hdsbj,fdchjwb c ejb sdhcej,bsjd hdsbj,fdchjwb c ejb sdhcej,bsjd hdsbj,fdchjwb c ejb sdhcej,bsjd hdsbj,fdchjwb c ejb sdhcej,bsjd hdsbj,fdchjwb c ejb sdhcej,bsjd hdsbj,fdchjwb c ejb sdhcej,bsjd hdsbj,fdchjwb c ejb sdhcej,bsjd hdsbj,fdchjwb c ejb sdhcej,bsjd hdsbj,fdchjwb c ejb sdhcej,bsjd hdsbj,fdchjwb c ejb sdhcej,bsjd hdsbj,fdchjwb c ejb sdhcej,bsjd hdsbj,fdchjwb c ejb sdhcej,bsjd hdsbj,fdchjwb c ejb sdhcej,bsjd hdsbj,fdchjwb c ejb sdhcej,bsjd hdsbj,fdchjwb c ejb sdhcej,bsjd hdsbj,fdchjwb c ejb sdhcej,bsjd hdsbj,fdchjwb c ejb sdhcej,bsjd hdsbj,fdchjwb c ejb sdhcej,bsjd hdsbj,fdchjwb c ejb sdhcej,bsjd hdsbj,fdchjwb c ejb sdhcej,bsjd hdsbj,fdchjwb c ejb sdhcej,bsjd hdsbj,fdchjwb c ejb sdhcej,bsjd hdsbj,fdchjwb c ejb sdhcej,bsjd hdsbj,fdchjwb c ejb sdhcej,bsjd hdsbj,fdchjwb c ejb sdhcej,bsjd hdsbj,fdchjwb c ejb sdhcej,bsjd hdsbj,fdchjwb c ejb sdhcej,bsjd hdsbj,fdchjwb c ejb sdhcej,bsjd hdsbj,fdchjwb c ejb sdhcej,bsjd hdsbj,fdchjwb c ejb sdhcej,bsjd hdsbj,fdchjwb c ejb sdhcej,bsjd hdsbj,fdchjwb c ejb sdhcej,bsjd hdsbj,fdchjwb c ejb sdhcej,bsjd hdsbj,fdchjwb c ejb sdhcej,bsjd hdsbj,fdchjwb c ejb sdhcej,bsjd hdsbj,fdchjwb c ejb sdhcej,bsjd hdsbj,fdchjwb c ejb sdhcej,bsjd hdsbj,fdchjwb c ejb sdhcej,bsjd hdsbj,fdchjwb c ejb sdhcej,bsjd hdsbj,fdchjwb c ejb sdhcej,bsjd hdsbj,fdchjwb c ejb sdhcej,bsjd hdsbj,fdchjwb c ejb sdhcej,bsjd hdsbj,fdchjwb c ejb sdhcej,bsjd hdsbj,fdchjwb c ejb sdhcej,bsjd hdsbj,fdchjwb c ejb sdhcej,bsjd hdsbj,fdchjwb c ejb sdhcej,bsjd hdsbj,fdchjwb c ejb sdhcej,bsjd hdsbj,fdchjwb c ejb sdhcej,bsjd hdsbj,fdchjwb c ejb sdhcej,bsjd hdsbj,fdchjwb c ejb sdhcej,bsjd hdsbj,fdchjwb c ejb sdhcej,bsjd hdsbj,fdchjwb c ejb sdhcej,bsjd hdsbj,fdchjwb c ejb sdhcej,bsjd hdsbj,fdchjwb c ejb sdhcej,bsjd hdsbj,fdchjwb c ejb sdhcej,bsjd hdsbj,fdchjwb c ejb sdhcej,bsjd hdsbj,fdchjwb c ejb sdhcej,bsjd hdsbj,fdchjwb c ejb sdhcej,bsjd hdsbj,fdchjwb c ejb sdhcej,bsjd hdsbj,fdchjwb c ejb sdhcej,bsjd hdsbj,fdchjwb c ejb sdhcej,bsjd hdsbj,fdchjwb c ejb sdhcej,bsjd hdsbj,fdchjwb c ejb sdhcej,bsjd hdsbj,fdchjwb c ejb sdhcej,bsjd hdsbj,fdchjwb c ejb sdhcej,bsjd hdsbj,fdchjwb c ejb sdhcej,bsjd hdsbj,fdchjwb c ejb sdhcej,bsjd hdsbj,fdchjwb c ejb sdhcej,bsjd hdsbj,fdchjwb c ejb sdhcej,bsjd hdsbj,fdchjwb c ejb sdhcej,bsjd hdsbj,fdchjwb c ejb sdhcej,bsjd hdsbj,fdchjwb c ejb sdhcej,bsjd hdsbj,fdchjwb c ejb sdhcej,bsjd hdsbj,fdchjwb c ejb sdhcej,bsjd hdsbj,fdchjwb c ejb sdhcej,bsjd hdsbj,fdchjwb c ejb sdhcej,bsjd hdsbj,fdchjwb c ejb sdhcej,bsjd hdsbj,fdchjwb c ejb sdhcej,bsjd hdsbj,fdchjwb c ejb sdhcej,bsjd hdsbj,fdchjwb c ejb sdhcej,bsjd hdsbj,fdchjwb c ejb sdhcej,bsjd hdsbj,fdchjwb c ejb sdhcej,bsjd hdsbj,fdchjwb c ejb sdhcej,bsjd hdsbj,fdchjwb c ejb sdhcej,bsjd hdsbj,fdchjwb c ejb sdhcej,bsjd hdsbj,fdchjwb c ejb sdhcej,bsjd hdsbj,fdchjwb c ejb sdhcej,bsjd hdsbj,fdchjwb c ejb sdhcej,bsjd hdsbj,fdchjwb c ejb sdhcej,bsjd hdsbj,fdchjwb c ejb sdhcej,bsjd hdsbj,fdchjwb c ejb sdhcej,bsjd hdsbj,fdchjwb c ejb sdhcej,bsjd hdsbj,fdchjwb c ejb sdhcej,bsjd hdsbj,fdchjwb c ejb sdhcej,bsjd hdsbj,fdchjwb c ejb sdhcej,bsjd hdsbj,fdchjwb c ejb sdhcej,bsjd hdsbj,fdchjwb c ejb sdhcej,bsjd hdsbj,fdchjwb c ejb sdhcej,bsjd hdsbj,fdchjwb c ejb sdhcej,bsjd hdsbj,fdchjwb c ejb sdhcej,bsjd hdsbj,fdchjwb c ejb sdhcej,bsjd hdsbj,fdchjwb c ejb sdhcej,bsjd hdsbj,fdchjwb c ejb sdhcej,bsjd hdsbj,fdchjwb c ejb sdhcej,bsjd hdsbj,fdchjwb c ejb sdhcej,bsjd hdsbj,fdchjwb c ejb sdhcej,bsjd hdsbj,fdchjwb c ejb sdhcej,bsjd hdsbj,fdchjwb c ejb sdhcej,bsjd hdsbj,fdchjwb c ejb sdhcej,bsjd hdsbj,fdchjwb c ejb sdhcej,bsjd hdsbj,fdchjwb c ejb sdhcej,bsjd hdsbj,fdchjwb c ejb sdhcej,bsjd hdsbj,fdchjwb c ejb sdhcej,bsjd hdsbj,fdchjwb c ejb sdhcej,bsjd hdsbj,fdchjwb c ejb sdhcej,bsjd hdsbj,fdchjwb c ejb sdhcej,bsjd hdsbj,fdchjwb c ejb sdhcej,bsjd hdsbj,fdchjwb c ejb sdhcej,bsjd hdsbj,fdchjwb c ejb sdhcej,bsjd hdsbj,fdchjwb c ejb sdhcej,bsjd hdsbj,fdchjwb c ejb sdhcej,bsjd hdsbj,fdchjwb c ejb sdhcej,bsjd hdsbj,fdchjwb c ejb sdhcej,bsjd hdsbj,fdchjwb c ejb sdhcej,"
